KNN,DT,NB,MLP
0.9544903581267218,0.9672727272727273,0.628099173553719,0.8260055096418732
